"Product ID";"Image";"Name";"Reference";"Category";"Price (tax excl.)";"Price (tax incl.)";"Quantity";"Status";"Position"
"1";"cyclone-cup_image_1.png";"Cyclone Cup";"";"ACCESSORIES";"1400.0";"1400.0";"0";"0";"1"
"2";"scitec-traveller-shaker_image_1.png";"scitec TRAVELLER SHAKER";"";"ACCESSORIES";"700.0";"700.0";"0";"0";"1"
"3";"";"scitec SHAKER bottle";"";"ACCESSORIES";"500.0";"500.0";"0";"0";"1"
"4";"shaker-cup_image_1.jpeg";"ON Shaker Cup";"";"ACCESSORIES";"700.0";"700.0";"0";"0";"1"
"5";"animal-cuts-42-packs_image_1.png";"Universal Animal Cuts 42 packs";"";"FAT BURNERS";"5800.0";"5800.0";"0";"0";"1"
"6";"platinum-100-carnitine-180-capsules_image_1.jpeg";"Muscletech Platinum 100% Carnitine 180 Capsules";"";"FAT BURNERS";"5200.0";"5200.0";"0";"0";"1"
"7";"l-carnitine-500-mg-60-tabs_image_1.jpeg";"ON L Carnitine 500 mg - 60 tabs";"";"FAT BURNERS";"2900.0";"2900.0";"0";"0";"1"
"8";"platinum-pure-cla-800mg-90-capsules_image_1.jpeg";"Muscletech PLATINUM PURE CLA 800mg - 90 Capsules";"";"FAT BURNERS";"3200.0";"3200.0";"0";"0";"1"
"9";"shred-jym-240-capsules_image_1.png";"Shred JYM 240 Capsules";"";"FAT BURNERS";"7200.0";"7200.0";"0";"0";"1"
"10";"rsp-quadralean-thermogenic-180-capsules_image_1.png";"RSP QUADRALEAN THERMOGENIC 180 capsules";"";"FAT BURNERS";"5800.0";"5800.0";"0";"0";"1"
"11";"fat-burner-advanced-120-tablets_image_1.png";"API FAT BURNER ADVANCED 120 tablets";"";"FAT BURNERS";"2200.0";"2200.0";"0";"0";"1"
"12";"lipo-6-black-120-capsules_image_1.png";"Nutrex Lipo 6 Black 120 capsules";"";"FAT BURNERS";"4900.0";"4900.0";"0";"0";"1"
"13";"revex-16-108-capsules_image_1.png";"Scitec Revex-16 108 capsules";"";"FAT BURNERS";"4900.0";"4900.0";"0";"0";"1"
"14";"evl-cla-1000-90-softgels_image_1.png";"EVL CLA 1000 - 90 SOFTGELS";"";"FAT BURNERS";"3200.0";"3200.0";"0";"0";"1"
"15";"rsp-nutrition-cla-90-softgels_image_1.png";"RSP NUTRITION CLA 90 Softgels";"";"FAT BURNERS";"3200.0";"3200.0";"0";"0";"1"
"16";"cla-90-softgels_image_1.jpeg";"ON CLA 90 Softgels";"";"FAT BURNERS";"3200.0";"3200.0";"0";"0";"1"
"17";"carni-complex-60-caps_image_1.png";"Scitec Carni Complex 60 Caps";"";"FAT BURNERS";"3200.0";"3200.0";"0";"0";"1"
"18";"tgh-240-gm_image_1.png";"Scitec T/GH 240 gm";"";"HEALTH & WELLNESS";"5200.0";"5200.0";"0";"0";"1"
"19";"gh-surge-90-capsules_image_1.png";"Scitec GH Surge 90 Capsules";"";"HEALTH & WELLNESS";"3200.0";"3200.0";"0";"0";"1"
"20";"daa-pro-black-100-capsules_image_1.png";"Scitec DAA Pro Black 100 Capsules";"";"HEALTH & WELLNESS";"3900.0";"3900.0";"0";"0";"1"
"21";"vita-jym-60-tablets_image_1.png";"Vita JYM 60 Tablets";"";"HEALTH & WELLNESS";"3500.0";"3500.0";"0";"0";"1"
"22";"alpha-jym-180-capsules_image_1.png";"Alpha JYM 180 CAPSULES";"";"HEALTH & WELLNESS";"3500.0";"3500.0";"0";"0";"1"
"23";"t-360-108-capsules_image_1.png";"Scitec T-360 108 capsules";"";"HEALTH & WELLNESS";"3500.0";"3500.0";"0";"0";"1"
"24";"macatron-108-capsules_image_1.png";"Scitec Macatron 108 CAPSULES";"";"HEALTH & WELLNESS";"3500.0";"3500.0";"0";"0";"1"
"25";"testo-punch-hc-120-capsules_image_1.png";"Scitec Testo Punch HC 120 Capsules";"";"HEALTH & WELLNESS";"4900.0";"4900.0";"0";"0";"1"
"26";"animal-m-stak-21-pak_image_1.png";"Universal Animal M Stak 21 Pak";"";"HEALTH & WELLNESS";"5800.0";"5800.0";"0";"0";"1"
"27";"animal-stak-21-packs_image_1.png";"Universal Animal Stak 21 packs";"";"HEALTH & WELLNESS";"5400.0";"5400.0";"0";"0";"1"
"28";"pro-alpha-test-120-caps-2_image_1.png";"Muscletech Pro Alpha Test 120 caps";"";"HEALTH & WELLNESS";"5600.0";"5600.0";"0";"0";"1"
"29";"tribulus-pro-100-caps_image_1.jpeg";"ON Tribulus Pro 100 caps";"";"HEALTH & WELLNESS";"2900.0";"2900.0";"0";"0";"1"
"30";"zmb6-60-capsules_image_1.png";"Scitec ZMB6 60 capsules";"";"HEALTH & WELLNESS";"2100.0";"2100.0";"0";"0";"1"
"31";"zinc-100-tablets_image_1.png";"Scitec Zinc 100 Tablets";"";"HEALTH & WELLNESS";"1000.0";"1000.0";"0";"0";"1"
"32";"vitamin-d3-250-capsules_image_1.png";"Scitec Vitamin D3 250 capsules";"";"HEALTH & WELLNESS";"1500.0";"1500.0";"0";"0";"1"
"33";"microbiota-pro-30-capsules_image_1.png";"Scitec Microbiota Pro 30 CAPSULES";"";"HEALTH & WELLNESS";"2800.0";"2800.0";"0";"0";"1"
"34";"lecithin-100-capsules_image_1.png";"Scitec Lecithin 100 CAPSULES";"";"HEALTH & WELLNESS";"2200.0";"2200.0";"0";"0";"1"
"35";"jumbo-pak-44-pack_image_1.png";"Scitec JUMBO PAK 44 PACK";"";"HEALTH & WELLNESS";"4800.0";"4800.0";"0";"0";"1"
"36";"calcium-magnesium-100-tablets_image_1.png";"Scitec Calcium-Magnesium 100 Tablets";"";"HEALTH & WELLNESS";"1600.0";"1600.0";"0";"0";"1"
"37";"daily-formula-100-tab_image_1.png";"Universal Daily Formula 100 tab";"";"HEALTH & WELLNESS";"2100.0";"2100.0";"0";"0";"1"
"38";"animal-pak-44-pak_image_1.png";"Universal Animal Pak 44 Pak";"";"HEALTH & WELLNESS";"5800.0";"5800.0";"0";"0";"1"
"39";"platinum-multi-vitamin-90-caps_image_1.jpeg";"Muscletech Platinum Multi Vitamin 90 caps";"";"HEALTH & WELLNESS";"3200.0";"3200.0";"0";"0";"1"
"40";"zma-90caps_image_1.jpeg";"ON ZMA 90Caps";"";"HEALTH & WELLNESS";"2800.0";"2800.0";"0";"0";"1"
"41";"opti-women-60-tabs_image_1.jpeg";"ON Opti Women 60 Tabs";"";"HEALTH & WELLNESS";"2400.0";"2400.0";"0";"0";"1"
"42";"opti-men_image_1.jpeg";"ON Opti Men";"";"HEALTH & WELLNESS";"2900.0";"2900.0";"0";"0";"1"
"43";"ent-coated-fish-oil-100-softgels_image_1.jpeg";"ON ENT Coated Fish Oil - 100 Softgels";"";"HEALTH & WELLNESS";"2600.0";"2600.0";"0";"0";"1"
"44";"joint-x-100-capsules_image_1.png";"Scitec Joint-X 100 Capsules";"";"HEALTH & WELLNESS";"2800.0";"2800.0";"0";"0";"1"
"45";"gh-max-180-tablets_image_1.png";"Universal GH Max 180 Tablets";"";"HEALTH & WELLNESS";"4900.0";"4900.0";"0";"0";"1"
"46";"fish-oil-dna-100-capsules_image_1.png";"BSN FISH OIL DNA™ 100 capsules";"";"HEALTH & WELLNESS";"2300.0";"2300.0";"0";"0";"1"
"47";"zma-jym-90-capsules_image_1.png";"ZMA JYM 90 Capsules";"";"HEALTH & WELLNESS";"2900.0";"2900.0";"0";"0";"1"
"48";"100-whey-protein-920g_image_1.png";"Scitec 100% Whey Protein 920g";"";"PROTEIN";"4200.0";"4200.0";"0";"0";"1"
"49";"hydro-whey-35-lb_image_1.jpeg";"ON Hydro Whey 3.5 lb";"";"PROTEIN";"9100.0";"9100.0";"0";"0";"1"
"50";"musclemeds-carnivor-4lb-pakistan_image_1.png";"MuscleMeds Carnivor 4lb";"";"PROTEIN";"8200.0";"8200.0";"0";"0";"1"
"51";"inner-armour-isolate-zero-4lb_image_1.png";"INNER ARMOUR ISOLATE ZERO 4LB";"";"PROTEIN";"8200.0";"8200.0";"0";"0";"1"
"52";"";"ISOPURE® ZERO CARB";"";"PROTEIN";"8200.0";"8200.0";"0";"0";"1"
"53";"zero-sugarzero-fat-isogreat_image_1.png";"Scitec Zero Sugar/Zero Fat Isogreat";"";"PROTEIN";"4700.0";"4700.0";"0";"0";"1"
"54";"100-whey-isolate_image_1.png";"Scitec 100% Whey Isolate";"";"PROTEIN";"4200.0";"4200.0";"0";"0";"1"
"55";"protein-breakfast-700-gm_image_1.png";"Scitec Protein Breakfast 700 gm";"";"PROTEIN";"2200.0";"2200.0";"0";"0";"1"
"56";"pro-mix-912-gm_image_1.png";"Scitec Pro mix 912 gm";"";"PROTEIN";"4200.0";"4200.0";"0";"0";"1"
"57";"syntha-6-edge_image_1.png";"BSN SYNTHA-6 EDGE";"";"PROTEIN";"4200.0";"4200.0";"0";"0";"1"
"58";"syntha-6-10lb_image_1.png";"BSN SYNTHA-6 10lb";"";"PROTEIN";"14400.0";"14400.0";"0";"0";"1"
"59";"syntha-6-5lb_image_1.png";"BSN SYNTHA-6 5lb";"";"PROTEIN";"14400.0";"14400.0";"0";"0";"1"
"60";"syntha-6-291lb_image_1.png";"BSN SYNTHA-6 2.91lb";"";"PROTEIN";"5300.0";"5300.0";"0";"0";"1"
"61";"nitro-tech-ripped_image_1.png";"Muscletech Nitro Tech Ripped";"";"PROTEIN";"4900.0";"4900.0";"0";"0";"1"
"62";"nitro-tech-power-performance-series-2lb_image_1.jpeg";"Muscletech Nitro tech Power Performance Series";"";"PROTEIN";"4900.0";"4900.0";"0";"0";"1"
"63";"nitro-tech-100-whey-gold_image_1.jpeg";"Muscletech NITRO TECH 100% Whey Gold";"";"PROTEIN";"4900.0";"4900.0";"0";"0";"1"
"64";"multi-phase-8-hour-protein-437-lb_image_1.jpeg";"Muscletech Multi Phase 8 Hour Protein 4.37 lb";"";"PROTEIN";"8500.0";"8500.0";"0";"0";"1"
"65";"anabolic-halo-performance-24-lb_image_1.jpeg";"Muscletech Anabolic Halo Performance 2.4 lb";"";"PROTEIN";"5200.0";"5200.0";"0";"0";"1"
"66";"pro-complex-331-lb_image_1.jpeg";"ON Pro Complex 3.31 lb";"";"PROTEIN";"8800.0";"8800.0";"0";"0";"1"
"67";"muscletech-nitro-tech-performance-series-2lb_image_1.jpeg";"Muscletech Nitro Tech Performance Series";"";"PROTEIN";"8800.0";"8800.0";"0";"0";"1"
"68";"gold-standard-100-whey-5lb_image_1.jpeg";"ON Gold Standard 100% Whey";"";"PROTEIN";"2600.0";"2600.0";"0";"0";"1"
"69";"soy-pro-910-gm_image_1.png";"Scitec Soy Pro 910 gm";"";"PROTEIN";"3400.0";"3400.0";"0";"0";"1"
"70";"";"ON WHEY 4.51lb";"";"PROTEIN";"7200.0";"7200.0";"0";"0";"1"
"71";"inner-armour-nitro-peak_image_1.png";"inner armour nitro peak 4lb";"";"PROTEIN";"6900.0";"6900.0";"0";"0";"1"
"72";"syntha-6-rtd-14oz_image_1.png";"BSN SYNTHA-6® RTD 14.OZ";"";"PROTEIN";"300.0";"300.0";"0";"0";"1"
"73";"pro-jym_image_1.png";"PRO JYM";"";"PROTEIN";"5300.0";"5300.0";"0";"0";"1"
"74";"cellucor-g4-whey-401-lb_image_1.png";"Cellucor G4 Whey 4.01 lb";"";"PROTEIN";"8500.0";"8500.0";"0";"0";"1"
"75";"musclepharm-combat-4lb_image_1.png";"Musclepharm Combat 4lb";"";"PROTEIN";"8500.0";"8500.0";"0";"0";"1"
"76";"protein-energy-172lb_image_1.jpeg";"ON PROTEIN ENERGY 1.72lb";"";"PROTEIN";"8500.0";"8500.0";"0";"0";"1"
"77";"greek-yogurt-protein-smoothie-102lb_image_1.jpeg";"ON GREEK YOGURT  PROTEIN SMOOTHIE 1.02lb";"";"PROTEIN";"2900.0";"2900.0";"0";"0";"1"
"78";"100-whey-protein-professional-lightly-sweetened-ls_image_1.png";"Scitec 100% Whey Protein* Professional Lightly Sweetened (LS)";"";"PROTEIN";"4200.0";"4200.0";"0";"0";"1"
"79";"protein-water-16oz_image_1.jpeg";"ON PROTEIN WATER 16.OZ";"";"PROTEIN";"300.0";"300.0";"0";"0";"1"
"80";"pre-jym_image_1.png";"PRE JYM";"";"STRENGTH & RECOVERY";"6200.0";"6200.0";"0";"0";"1"
"81";"post-jym-active-matrix-30-servings_image_1.png";"POST JYM ACTIVE MATRIX 30 Servings";"";"STRENGTH & RECOVERY";"7200.0";"7200.0";"0";"0";"1"
"82";"shark-cartilage-75-capsules_image_1.png";"Scitec Shark Cartilage 75 capsules";"";"STRENGTH & RECOVERY";"2600.0";"2600.0";"0";"0";"1"
"83";"pure-form-vegan-protein-450-gm_image_1.png";"Scitec Pure Form Vegan Protein 450 gm";"";"STRENGTH & RECOVERY";"2400.0";"2400.0";"0";"0";"1"
"84";"on-black-line-creatine-300-gm_image_1.jpeg";"ON Black Line Creatine 300 gm";"";"STRENGTH & RECOVERY";"1500.0";"1500.0";"0";"0";"1"
"85";"inner-armour-black-creatine-300-g_image_1.png";"Inner Armour Black Creatine 300 G";"";"STRENGTH & RECOVERY";"1400.0";"1400.0";"0";"0";"1"
"86";"isopure-perfect-creatine-210-g_image_1.png";"isopure PERFECT® CREATINE 210 G";"";"STRENGTH & RECOVERY";"1300.0";"1300.0";"0";"0";"1"
"87";"crea-star_image_1.png";"Scitec Crea Star 270 gm";"";"STRENGTH & RECOVERY";"2400.0";"2400.0";"0";"0";"1"
"88";"100-creatine-monohydrate_image_1.png";"SCITEC 100% CREATINE MONOHYDRATE";"";"STRENGTH & RECOVERY";"600.0";"600.0";"0";"0";"1"
"89";"platinum-100-creatine-089-lb_image_1.jpeg";"Muscletech Platinum 100% Creatine - 0.89 lb";"";"STRENGTH & RECOVERY";"2400.0";"2400.0";"0";"0";"1"
"90";"nitrix-20-90-tablets_image_1.png";"BSN NITRIX 2.0 - 90 Tablets";"";"STRENGTH & RECOVERY";"5500.0";"5500.0";"0";"0";"1"
"91";"micronized-creatine-300-gm_image_1.jpeg";"ON Micronized Creatine 300 gm - Unflavored";"";"STRENGTH & RECOVERY";"1500.0";"1500.0";"0";"0";"1"
"92";"gold-standard-bcaa-280-gm_image_1.jpeg";"ON GOLD STANDARD BCAA 280 gm";"";"STRENGTH & RECOVERY";"4800.0";"4800.0";"0";"0";"1"
"93";"evl-bcaa-energy-30-servings_image_1.png";"EVL BCAA ENERGY 30 servings";"";"STRENGTH & RECOVERY";"4900.0";"4900.0";"0";"0";"1"
"94";"pro-supps-hydro-bcaa-402g_image_1.png";"Pro Supps Hydro BCAA 30 Servings";"";"STRENGTH & RECOVERY";"4500.0";"4500.0";"0";"0";"1"
"95";"scivation-xtend-bcaa_image_1.png";"SciVation Xtend BCAA 30 Servings";"";"STRENGTH & RECOVERY";"4200.0";"4200.0";"0";"0";"1"
"96";"bcaa-peak-388-g_image_1.png";"IA BCAA PEAK 388 G";"";"STRENGTH & RECOVERY";"4500.0";"4500.0";"0";"0";"1"
"97";"bcaa-6400_image_1.png";"Scitec BCAA 6400 125 Tablets";"";"STRENGTH & RECOVERY";"3100.0";"3100.0";"0";"0";"1"
"98";"bcaa-glutamine-xpress-12g_image_1.png";"Scitec BCAA + Glutamine Xpress 12g";"";"STRENGTH & RECOVERY";"150.0";"150.0";"0";"0";"1"
"99";"bcaa-x-120-capsules_image_1.png";"Scitec BCAA-X 120 Capsules";"";"STRENGTH & RECOVERY";"2100.0";"2100.0";"0";"0";"1"
"100";"bcaa-xpress-700-gm_image_1.png";"Scitec BCAA Xpress  700 gm";"";"STRENGTH & RECOVERY";"6800.0";"6800.0";"0";"0";"1"
"101";"aminox-rtd-18oz_image_1.png";"BSN AMINOx® RTD 18.OZ";"";"STRENGTH & RECOVERY";"250.0";"250.0";"0";"0";"1"
"102";"amino-energy-naturally-flavored-225-gm_image_1.jpeg";"ON AMINO ENERGY  NATURALLY FLAVORED 225 gm";"";"STRENGTH & RECOVERY";"4050.0";"4050.0";"0";"0";"1"
"103";"100-beef-amino-400-tablets_image_1.png";"100% Beef Amino 400 Tablets";"";"STRENGTH & RECOVERY";"3900.0";"3900.0";"0";"0";"1"
"104";"superior-amino-2222_image_1.jpeg";"ON Superior Amino 2222";"";"STRENGTH & RECOVERY";"2100.0";"2100.0";"0";"0";"1"
"105";"amino-energy-270-g_image_1.jpeg";"ON Amino Energy 270 G";"";"STRENGTH & RECOVERY";"3900.0";"3900.0";"0";"0";"1"
"106";"amino-build-next-gen-energized-282-gm_image_1.jpeg";"Muscletech Amino Build Next Gen Energized 282 gm";"";"STRENGTH & RECOVERY";"4800.0";"4800.0";"0";"0";"1"
"107";"inner-armour-black-l-glutamine-300-g_image_1.png";"INNER ARMOUR Black L - Glutamine 300 G";"";"STRENGTH & RECOVERY";"2800.0";"2800.0";"0";"0";"1"
"108";"glutamine-300gm_image_1.jpeg";"ON Glutamine 300gm";"";"STRENGTH & RECOVERY";"3600.0";"3600.0";"0";"0";"1"
"109";"amino-2700-mg_image_1.png";"Universal AMINO 2700 MG";"";"STRENGTH & RECOVERY";"4500.0";"4500.0";"0";"0";"1"
"110";"glutamine-302-gm_image_1.jpeg";"Muscletech Glutamine 302 gm";"";"STRENGTH & RECOVERY";"3300.0";"3300.0";"0";"0";"1"
"111";"pro-bcaa-390gm_image_1.jpeg";"ON Pro BCAA 390gm";"";"STRENGTH & RECOVERY";"3300.0";"3300.0";"0";"0";"1"
"112";"omega-3-100-capsules_image_1.png";"Scitec Omega 3 100 capsules";"";"STRENGTH & RECOVERY";"2400.0";"2400.0";"0";"0";"1"
"113";"garlic-parsley-100-capsules_image_1.png";"Scitec Garlic & Parsley 100 Capsules";"";"STRENGTH & RECOVERY";"1200.0";"1200.0";"0";"0";"1"
"114";"gat-nitraflex-300-g_image_1.png";"GAT NITRAFLEX 300 G";"";"STRENGTH & RECOVERY";"5800.0";"5800.0";"0";"0";"1"
"115";"mr-hyde-nitro-x-30-servings_image_1.png";"ProSupps Mr. Hyde Nitro X 30 Servings";"";"STRENGTH & RECOVERY";"5800.0";"5800.0";"0";"0";"1"
"116";"prosupps-intl-mr-hyde_image_1.png";"PROSUPPS INT'L MR. HYDE";"";"STRENGTH & RECOVERY";"3200.0";"3200.0";"0";"0";"1"
"117";"jack3d-advance-250-g_image_1.png";"USP Jack3d Advance 250 G";"";"STRENGTH & RECOVERY";"4500.0";"4500.0";"0";"0";"1"
"118";"cellucor-g4-intl-c4-60-servings_image_1.png";"Cellucor G4 Int'l C4 60 servings";"";"STRENGTH & RECOVERY";"6500.0";"6500.0";"0";"0";"1"
"119";"pow3rd-20-350-gm-3_image_1.png";"Scitec Pow3rd! 2.0 350 gm";"";"STRENGTH & RECOVERY";"6500.0";"6500.0";"0";"0";"1"
"120";"hot-blood-30-300-gm_image_1.png";"Scitec Hot Blood 3.0 300 GM";"";"STRENGTH & RECOVERY";"3500.0";"3500.0";"0";"0";"1"
"121";"war-machine-350g_image_1.png";"Muscle Army War Machine 350g";"";"STRENGTH & RECOVERY";"3800.0";"3800.0";"0";"0";"1"
"122";"big-bang-30_image_1.png";"Scitec Big Bang 3.0 - 825 gm";"";"STRENGTH & RECOVERY";"6500.0";"6500.0";"0";"0";"1"
"123";"no-xplode-60-servings_image_1.png";"BSN N.O.-XPLODE® 60 Servings";"";"STRENGTH & RECOVERY";"6200.0";"6200.0";"0";"0";"1"
"124";"animal-pump-30-pak_image_1.png";"Universal Animal Pump 30 Pak";"";"STRENGTH & RECOVERY";"5800.0";"5800.0";"0";"0";"1"
"125";"vaporx5-next-gen-30-servings_image_1.jpeg";"Muscletech VaporX5 NEXT GEN 30 Servings";"";"STRENGTH & RECOVERY";"4800.0";"4800.0";"0";"0";"1"
"126";"pro-neuro-core-pre-workout-255-gm_image_1.jpeg";"Muscletech Pro Neuro Core Pre Workout 225 gm";"";"STRENGTH & RECOVERY";"4800.0";"4800.0";"0";"0";"1"
"127";"gold-standard-pre-workout-gs-300-gm_image_1.jpeg";"ON Gold Standard Pre workout 300 gm";"";"STRENGTH & RECOVERY";"4900.0";"4900.0";"0";"0";"1"
"128";"amino-x-435-gm_image_1.png";"BSN Amino X 435 gm";"";"STRENGTH & RECOVERY";"4200.0";"4200.0";"0";"0";"1"
"129";"essential-amino-matrix-300-gm_image_1.png";"Scitec Essential Amino Matrix 300 gm";"";"STRENGTH & RECOVERY";"3200.0";"3200.0";"0";"0";"1"
"130";"amino-x-edge-420-gm_image_1.png";"BSN Amino X EDGE 420 gm";"";"STRENGTH & RECOVERY";"3200.0";"3200.0";"0";"0";"1"
"131";"uni-liver_image_1.png";"Universal Uni-Liver";"";"STRENGTH & RECOVERY";"2800.0";"2800.0";"0";"0";"1"
"132";"amino-5600_image_1.png";"Scitec Amino 5600";"";"STRENGTH & RECOVERY";"2700.0";"2700.0";"0";"0";"1"
"133";"monster-pak-60-pack_image_1.png";"Scitec Monster Pak 60 PACK";"";"STRENGTH & RECOVERY";"5400.0";"5400.0";"0";"0";"1"
"134";"isopure-amino-285-gm_image_1.png";"ISOPURE Amino 285 gm";"";"STRENGTH & RECOVERY";"4500.0";"4500.0";"0";"0";"1"
"135";"ami-no-xpress-440-gm_image_1.png";"Scitec Ami-NO Xpress 440 gm";"";"STRENGTH & RECOVERY";"4100.0";"4100.0";"0";"0";"1"
"136";"cellucor-g4-intl-c4-ripped-180-gm_image_1.png";"Cellucor G4 Int'l C4 Ripped 180 gm";"";"STRENGTH & RECOVERY";"4500.0";"4500.0";"0";"0";"1"
"137";"no-xplode-rtd-16oz_image_1.png";"BSN N.O.-XPLODE® RTD 16.OZ";"";"STRENGTH & RECOVERY";"250.0";"250.0";"0";"0";"1"
"138";"cell-tech-new_image_1.jpeg";"Muscletech Cell Tech NEW";"";"STRENGTH & RECOVERY";"250.0";"250.0";"0";"0";"1"
"139";"endorush-086lb_image_1.png";"BSN ENDORUSH® 0.86lb";"";"STRENGTH & RECOVERY";"5800.0";"5800.0";"0";"0";"1"
"140";"serious-mass-6-lb_image_1.jpeg";"ON Serious Mass";"";"WEIGHT GAINERS";"5800.0";"5800.0";"0";"0";"1"
"141";"mhp-up-your-mass-191-lb_image_1.png";"MHP UP YOUR MASS 1.91 LB";"";"WEIGHT GAINERS";"3400.0";"3400.0";"0";"0";"1"
"142";"carnivor-mass-6lb_image_1.png";"MuscleMeds Carnivor Mass 6lb";"";"WEIGHT GAINERS";"7800.0";"7800.0";"0";"0";"1"
"143";"inner-armour-blue-hard-mass-gainer_image_1.png";"Inner Armour Blue Hard Mass Gainer";"";"WEIGHT GAINERS";"4600.0";"4600.0";"0";"0";"1"
"144";"inner-armour-mass-peak-88-lb_image_1.png";"INNER ARMOUR Mass Peak 8.8 lb";"";"WEIGHT GAINERS";"7400.0";"7400.0";"0";"0";"1"
"145";"anabolic-peak-12lb_image_1.png";"IA Anabolic Peak 12lb";"";"WEIGHT GAINERS";"8200.0";"8200.0";"0";"0";"1"
"146";"volumass-35_image_1.jpeg";"Scitec Volumass 35";"";"WEIGHT GAINERS";"3800.0";"3800.0";"0";"0";"1"
"147";"jumbo_image_1.png";"Scitec Jumbo";"";"WEIGHT GAINERS";"3800.0";"3800.0";"0";"0";"1"
"148";"muscle-army-tank-1440-gm_image_1.png";"Muscle Army Tank 1440 gm";"";"WEIGHT GAINERS";"3800.0";"3800.0";"0";"0";"1"
"149";"true-mass-1200-10lb_image_1.png";"BSN TRUE MASS 1200 - 10lb";"";"WEIGHT GAINERS";"9200.0";"9200.0";"0";"0";"1"
"150";"true-mass-582lb_image_1.png";"BSN True Mass 5.82lb";"";"WEIGHT GAINERS";"9200.0";"9200.0";"0";"0";"1"
"151";"gain-fast-3100_image_1.png";"Universal Gain Fast 3100";"";"WEIGHT GAINERS";"3200.0";"3200.0";"0";"0";"1"
"152";"100-premium-mass-gainer-12lb_image_1.jpeg";"100% Premium Mass Gainer 12lb";"";"WEIGHT GAINERS";"3200.0";"3200.0";"0";"0";"1"
"153";"mass-tech-extreme-2000-22-lb_image_1.jpeg";"Muscletech Mass Tech Extreme 2000 - 22 lb";"";"WEIGHT GAINERS";"15400.0";"15400.0";"0";"0";"1"
"154";"pro-gainer_image_1.jpeg";"ON Pro Gainer";"";"WEIGHT GAINERS";"7800.0";"7800.0";"0";"0";"1"
"155";"vitargo-crx-20-800-gm_image_1.png";"Scitec Vitargo CRX 2.0 800 GM";"";"WEIGHT GAINERS";"3000.0";"3000.0";"0";"0";"1"
"156";"vitargo-900-gm_image_1.png";"Scitec Vitargo! 900 GM UNFLAVORED";"";"WEIGHT GAINERS";"2600.0";"2600.0";"0";"0";"1"
"157";"post-jym-carb-30-servings_image_1.png";"Post JYM Carb 30 Servings";"";"WEIGHT GAINERS";"3400.0";"3400.0";"0";"0";"1"
"158";"supercarb-fast-1000-g_image_1.png";"SUPERCARB FAST 1000 g";"";"WEIGHT GAINERS";"1800.0";"1800.0";"0";"0";"1"
"159";"mass-tech-performance-7lb_image_1.jpeg";"Muscletech Mass Tech Performance 7lb";"";"WEIGHT GAINERS";"7700.0";"7700.0";"0";"0";"1"
"160";"natures-best-perfect-3000-10lb_image_1.png";"NATURE'S BEST® PERFECT® 3000 10lb";"";"WEIGHT GAINERS";"7700.0";"7700.0";"0";"0";"1"
"161";"on-gold-standard-gainer_image_1.jpeg";"ON GOLD STANDARD GAINER";"";"WEIGHT GAINERS";"8100.0";"8100.0";"0";"0";"1"
